SalePrice,OverallQual,GrLivArea,ExterQual,SimplOverallQual,KitchenQual,GarageCars,GarageArea,SimplExterQual,TotalBsmtSF,1stFlrSF
208500,7,1710,4,3,4,2,548,2,856,856
181500,6,1262,3,2,3,2,460,1,1262,1262
223500,7,1786,4,3,4,2,608,2,920,920
140000,7,1717,3,3,4,3,642,1,756,961
250000,8,2198,4,3,4,3,836,2,1145,1145
143000,5,1362,3,2,3,2,480,1,796,796
307000,8,1694,4,3,4,2,636,2,1686,1694
200000,7,2090,3,3,3,2,484,1,1107,1107
129900,7,1774,3,3,3,2,468,1,952,1022
118000,5,1077,3,2,3,1,205,1,991,1077
129500,5,1040,3,2,3,1,384,1,1040,1040
345000,9,2324,5,3,5,3,736,2,1175,1182
144000,5,912,3,2,3,1,352,1,912,912
279500,7,1494,4,3,4,3,840,2,1494,1494
157000,6,1253,3,2,3,1,352,1,1253,1253
132000,7,854,3,3,3,2,576,1,832,854
149000,6,1004,3,2,3,2,480,1,1004,1004
90000,4,1296,3,2,3,2,516,1,0,1296
159000,5,1114,3,2,4,2,576,1,1114,1114
139000,5,1339,3,2,3,1,294,1,1029,1339
325300,8,2376,4,3,4,3,853,2,1158,1158
139400,7,1108,3,3,4,1,280,1,637,1108
230000,8,1795,4,3,4,2,534,2,1777,1795
129900,5,1060,3,2,3,2,572,1,1040,1060
154000,5,1060,3,2,4,1,270,1,1060,1060
256300,8,1600,4,3,4,3,890,2,1566,1600
134800,5,900,3,2,4,2,576,1,900,900
306000,8,1704,4,3,4,3,772,2,1704,1704
207500,5,1600,3,2,3,1,319,1,1484,1600
68500,4,520,3,2,2,1,240,1,520,520
40000,4,1317,3,2,3,1,250,1,649,649
149350,5,1228,3,2,4,1,271,1,1228,1228
179900,8,1234,4,3,4,2,484,2,1234,1234
165500,5,1700,3,2,4,2,447,1,1398,1700
277500,9,1561,5,3,5,2,556,2,1561,1561
309000,8,2452,4,3,4,3,691,2,1117,1132
145000,5,1097,3,2,3,2,672,1,1097,1097
153000,5,1297,3,2,3,2,498,1,1297,1297
109000,5,1057,3,2,4,1,246,1,1057,1057
82000,4,1152,3,2,2,0,0,1,0,1152
160000,6,1324,3,2,3,2,440,1,1088,1324
170000,5,1328,3,2,3,1,308,1,1350,1328
144000,5,884,3,2,4,2,504,1,840,884
130250,5,938,3,2,3,1,308,1,938,938
141000,5,1150,3,2,3,1,300,1,1150,1150
319900,9,1752,5,3,5,2,576,2,1752,1752
239686,7,2149,4,3,4,2,670,2,1434,1518
249700,8,1656,4,3,4,3,826,2,1656,1656
113000,4,1452,3,2,3,0,0,1,736,736
127000,5,955,3,2,3,1,386,1,955,955
177000,6,1470,3,2,3,2,388,1,794,794
114500,6,1176,3,2,3,2,528,1,816,816
110000,5,816,2,2,3,2,516,1,816,816
385000,9,1842,4,3,4,3,894,2,1842,1842
130000,5,1360,3,2,3,2,572,1,384,1360
180500,6,1425,3,2,3,2,576,1,1425,1425
172500,8,1739,4,3,4,2,480,2,970,983
196500,7,1720,4,3,4,2,565,2,860,860
438780,10,2945,5,3,4,3,641,2,1410,1426
124900,5,780,3,2,3,1,352,1,780,780
158000,6,1158,3,2,4,2,576,1,1158,1158
101000,5,1111,3,2,2,1,288,1,530,581
202500,8,1370,4,3,4,2,484,2,1370,1370
140000,7,1710,3,3,3,2,480,1,576,902
219500,7,2034,3,3,4,2,645,1,1057,1057
317000,8,2473,4,3,4,3,852,2,1143,1143
180000,7,2207,3,3,3,2,576,1,1947,2207
226000,7,1479,4,3,4,2,558,2,1453,1479
80000,4,747,3,2,3,1,220,1,747,747
225000,7,2287,4,3,3,2,667,2,1304,1304
244000,7,2223,3,3,3,2,516,1,2223,2223
129500,4,845,3,2,3,2,360,1,845,845
185000,7,1718,3,3,3,2,427,1,832,885
144900,5,1086,3,2,3,2,490,1,1086,1086
107400,3,1605,4,1,3,1,379,2,840,840
91000,4,988,3,2,3,1,297,1,462,526
135750,4,952,3,2,3,1,283,1,952,952
127000,5,1285,3,2,3,1,240,1,672,1072
136500,4,1768,3,2,3,0,0,1,1768,1768
110000,5,1230,3,2,3,2,440,1,440,682
193500,6,2142,3,2,4,1,509,1,896,1182
153500,6,1337,3,2,3,2,405,1,1237,1337
245000,8,1563,3,3,4,3,758,1,1563,1563
126500,5,1065,3,2,3,2,461,1,1065,1065
168500,7,1474,3,3,3,2,400,1,384,804
260000,8,2417,4,3,4,2,462,2,1288,1301
174000,6,1560,4,2,4,2,400,2,684,684
164500,6,1224,4,2,4,2,528,2,612,612
85000,3,1526,2,1,2,0,0,1,1013,1013
123600,4,990,3,2,3,0,0,1,990,990
109900,4,1040,3,2,3,2,420,1,0,1040
98600,5,1235,3,2,3,2,480,1,1235,1235
163500,5,964,3,2,3,2,432,1,876,964
133900,6,2291,3,2,3,2,506,1,1214,1260
204750,6,1786,3,2,4,2,684,1,824,905
185000,6,1470,5,2,3,2,420,2,680,680
214000,7,1588,4,3,4,2,472,2,1588,1588
94750,4,960,3,2,3,1,432,1,960,960
83000,5,835,3,2,3,1,366,1,458,835
128950,4,1225,3,2,3,0,0,1,950,1225
205000,6,1610,3,2,4,2,480,1,1610,1610
178000,6,1732,4,2,4,2,476,2,741,977
118964,5,1535,3,2,3,2,410,1,0,1535
198900,7,1226,3,3,4,3,740,1,1226,1226
169500,7,1818,3,3,3,1,240,1,1040,1226
250000,8,1992,4,3,4,2,648,2,1053,1053
100000,4,1047,3,2,3,1,273,1,641,1047
115000,5,789,3,2,3,1,250,1,789,789
115000,5,1517,3,2,2,0,0,1,793,997
190000,6,1844,3,2,3,2,546,1,1844,1844
136900,6,1855,3,2,3,1,325,1,994,1216
180000,7,1430,3,3,3,2,400,1,384,774
383970,7,2696,4,3,5,3,792,2,1264,1282
217000,6,2259,3,2,4,2,450,1,1809,2259
259500,6,2320,3,2,4,1,180,1,1028,1436
176000,6,1458,3,2,3,2,440,1,729,729
139000,5,1092,3,2,3,1,288,1,1092,1092
155000,5,1125,3,2,3,2,430,1,1125,1125
320000,7,3222,3,3,4,3,594,1,1673,1699
163990,6,1456,4,2,4,2,390,2,728,728
180000,6,988,3,2,3,2,540,1,938,988
100000,4,1123,3,2,3,1,264,1,732,772
136000,6,1080,3,2,3,1,288,1,1080,1080
153900,6,1199,4,2,4,2,530,2,1199,1199
181000,6,1586,3,2,3,2,435,1,1362,1586
84500,6,754,3,2,3,0,0,1,520,520
128000,6,958,3,2,3,2,440,1,1078,958
87000,5,840,3,2,3,0,0,1,672,840
155000,6,1348,3,2,3,2,453,1,660,660
150000,5,1053,3,2,5,2,750,1,1008,1053
226000,7,2157,3,3,4,2,487,1,924,1216
244000,6,2054,4,2,4,2,390,2,992,1022
150750,5,1327,3,2,4,2,624,1,1063,1327
220000,8,1296,4,3,4,2,471,2,1267,1296
180000,5,1721,3,2,3,2,440,1,1461,1721
174000,7,1682,3,3,3,2,530,1,1304,1682
143000,5,1214,3,2,3,1,318,1,1214,1214
171000,7,1959,3,3,3,3,766,1,1907,1959
230000,8,1852,4,3,4,3,660,2,1004,1004
231500,6,1764,3,2,4,2,470,1,928,928
115000,4,864,3,2,3,0,0,1,864,864
260000,7,1734,4,3,4,2,660,2,1734,1734
166000,5,1385,3,2,3,2,720,1,910,910
204000,7,1501,4,3,4,2,577,2,1490,1501
125000,5,1728,3,2,3,2,504,1,1728,1728
130000,6,1709,4,2,4,2,380,2,970,970
105000,5,875,3,2,3,1,180,1,715,875
222500,7,2035,4,3,4,2,434,2,884,884
141000,7,1080,3,3,4,0,0,1,1080,1080
115000,5,1344,3,2,3,1,240,1,896,896
122000,5,969,3,2,3,2,440,1,969,969
372402,8,1710,4,3,4,3,866,2,1710,1710
190000,6,1993,3,2,3,2,495,1,825,1097
235000,6,1252,3,2,3,2,564,1,1602,1252
125000,6,1200,3,2,3,1,312,1,1200,1200
79000,6,1096,3,2,3,0,0,1,572,572
109500,5,1040,3,2,3,2,625,1,0,1040
269500,8,1968,4,3,5,3,680,2,774,774
254900,7,1947,4,3,4,2,678,2,991,991
320000,7,2462,4,3,4,2,576,2,1392,1392
162500,6,1232,3,2,3,2,516,1,1232,1232
412500,9,2668,4,3,5,3,726,2,1572,1572
220000,7,1541,4,3,4,2,532,2,1541,1541
103200,4,882,3,2,3,0,0,1,882,882
152000,6,1616,3,2,4,1,216,1,1149,1149
127500,5,1355,3,2,3,0,0,1,644,808
190000,5,1867,4,2,3,1,303,2,1617,1867
325624,8,2161,4,3,5,3,789,2,1582,1610
183500,7,1720,4,3,4,2,440,2,840,840
228000,8,1707,4,3,3,2,511,2,1686,1707
128500,5,1382,3,2,3,2,660,1,720,854
215000,6,1656,3,2,3,2,528,1,1080,1656
239000,7,1767,4,3,4,2,504,2,1064,1064
163000,6,1362,3,2,3,2,504,1,1362,1362
184000,6,1651,3,2,3,2,616,1,1606,1651
243000,6,2158,3,2,4,2,576,1,1202,2158
211000,6,2060,4,2,3,2,521,2,1151,1164
172500,5,1920,4,2,4,2,451,2,1052,1252
501837,9,2234,5,3,5,3,1166,2,2216,2234
100000,5,968,4,2,3,2,480,2,968,968
177000,6,1525,4,2,4,2,440,2,756,769
200100,7,1802,3,3,3,1,216,1,793,901
120000,5,1340,3,2,3,1,252,1,0,1340
200000,7,2082,3,3,4,2,484,1,1362,1362
127000,5,1252,3,2,3,2,576,1,504,936
475000,10,3608,4,3,5,3,840,2,1107,1518
173000,7,1217,3,3,4,2,497,1,1188,1217
135000,5,1656,3,2,3,1,180,1,660,808
153337,5,1224,3,2,3,2,528,1,1086,1224
286000,8,1593,4,3,5,2,682,2,1593,1593
315000,8,2727,4,3,4,2,440,2,853,1549
184000,7,1479,3,3,4,2,484,1,725,725
192000,7,1431,4,3,4,2,666,2,1431,1431
130000,7,1709,4,3,4,2,380,2,970,970
127000,5,864,3,2,3,1,352,1,864,864
148500,6,1456,3,2,3,2,440,1,855,855
311872,7,1726,5,3,5,3,786,2,1726,1726
235000,8,3112,4,3,4,2,795,2,1360,1360
104000,6,2229,3,2,3,0,0,1,755,929
274900,8,1713,4,3,5,3,856,2,1713,1713
140000,4,1121,3,2,3,2,440,1,1121,1121
171500,6,1279,3,2,3,2,473,1,1196,1279
112000,6,1310,3,2,3,1,398,1,617,865
149000,6,848,4,2,4,2,420,2,848,848
110000,5,1284,3,2,3,1,240,1,720,720
180500,7,1442,3,3,3,2,500,1,1424,1442
143900,5,1696,3,2,3,1,349,1,1140,1696
141000,4,1100,3,2,3,1,312,1,1100,1100
277000,7,2062,4,3,3,2,454,2,1157,1180
145000,6,1092,3,2,3,2,504,1,1092,1092
98000,5,864,3,2,3,0,0,1,864,864
186000,6,1212,3,2,4,2,460,1,1212,1212
252678,7,1852,3,3,4,2,644,1,900,932
156000,5,990,3,2,3,2,576,1,990,990
161750,6,1392,3,2,3,1,299,1,689,689
134450,5,1236,3,2,4,1,447,1,1070,1236
210000,7,1436,4,3,4,2,484,2,1436,1436
107000,4,1328,3,2,3,1,210,1,686,810
311500,7,1954,4,3,4,2,431,2,798,1137
167240,7,1248,4,3,4,2,438,2,1248,1248
204900,7,1498,4,3,4,2,675,2,1498,1498
200000,6,2267,4,2,4,2,390,2,1010,1010
179900,6,1552,3,2,3,2,434,1,713,811
97000,4,864,3,2,3,2,576,1,864,864
386250,10,2392,5,3,5,3,968,2,2392,2392
112000,5,1302,3,2,3,1,280,1,630,630
290000,7,2520,4,3,4,3,721,2,1203,1214
106000,6,987,3,2,3,1,280,1,483,483
125000,5,912,3,2,3,1,336,1,912,912
192500,7,1555,4,3,4,2,430,2,1373,1555
148000,6,1194,3,2,3,1,312,1,1194,1194
403000,8,2794,4,3,5,3,810,2,1462,1490
94500,6,987,3,2,3,1,288,1,483,483
128200,5,894,3,2,3,1,308,1,894,894
216500,6,1960,4,2,4,2,440,2,860,860
89500,6,987,3,2,3,1,264,1,483,483
185500,7,1414,4,3,4,2,494,2,1414,1414
194500,7,1744,4,3,4,2,457,2,996,1014
318000,8,1694,5,3,4,3,818,2,1694,1694
113000,6,1487,3,2,3,1,220,1,735,798
262500,8,1566,4,3,4,2,750,2,1566,1566
110500,5,866,3,2,4,0,0,1,686,866
79000,5,1440,3,2,3,1,352,1,540,889
120000,6,1217,3,2,3,1,288,1,626,626
205000,7,2110,4,3,4,2,463,2,948,1222
241500,7,1872,3,3,3,2,604,1,1845,1872
137000,6,1928,3,2,2,1,440,1,1020,908
140000,6,1375,3,2,3,2,451,1,1367,1375
180000,7,1668,4,3,4,2,500,2,840,840
277000,6,2144,4,2,4,2,389,2,1444,1444
76500,3,1306,3,1,2,0,0,1,728,1306
235000,8,1625,4,3,4,2,538,2,1573,1625
173000,6,1640,4,2,4,2,520,2,798,798
158000,6,1302,3,2,4,1,309,1,1302,1302
145000,5,1314,3,2,3,1,294,1,1314,1314
230000,7,2291,4,3,4,2,429,2,975,1005
207500,6,1728,4,2,4,2,673,2,864,864
220000,7,1604,4,3,4,2,660,2,1604,1604
231500,7,1792,4,3,4,2,564,2,963,963
97000,5,882,3,2,3,1,308,1,0,882
176000,6,1382,3,2,3,2,884,1,1362,1382
276000,8,2574,4,3,5,3,868,2,1482,1482
151000,6,1212,3,2,3,2,492,1,506,1212
130000,5,1316,3,2,3,2,484,1,926,926
73000,5,764,3,2,3,2,504,1,680,764
175500,6,1422,3,2,4,2,576,1,1422,1422
185000,6,1511,3,2,3,2,413,1,802,802
179500,5,2192,3,2,4,1,240,1,720,1052
120500,5,778,3,2,3,1,924,1,740,778
148000,6,1113,3,2,3,1,504,1,1143,1113
266000,8,1939,4,3,4,3,1053,2,1095,1095
241500,7,1363,3,3,3,2,439,1,1385,1363
290000,8,2270,4,3,4,3,671,2,1152,1164
139000,6,1632,3,2,3,1,338,1,1240,1632
124500,5,816,3,2,3,1,264,1,816,816
205000,7,1548,4,3,5,2,672,2,952,952
201000,7,1560,4,3,4,2,573,2,1560,1560
141000,4,864,3,2,3,2,400,1,864,864
415298,9,2121,5,3,5,3,732,2,2121,2121
192000,7,2022,3,3,3,2,505,1,1160,1156
228500,7,1982,4,3,4,2,575,2,807,1175
185000,6,1262,4,2,4,2,572,2,1262,1262
207500,7,1314,4,3,4,2,626,2,1314,1314
244600,8,1468,4,3,4,3,898,2,1468,1468
179200,6,1575,4,2,4,2,529,2,1575,1575
164700,7,1250,4,3,4,2,528,2,625,625
159000,6,1734,3,2,4,2,440,1,912,1085
88000,4,858,3,2,3,0,0,1,858,858
122000,5,900,3,2,3,1,280,1,882,900
153575,6,1396,3,2,3,1,384,1,698,698
233230,8,1919,4,3,4,2,685,2,1079,1079
135900,5,1716,3,2,2,0,0,1,780,936
131000,5,1716,3,2,3,1,281,1,768,1148
235000,7,2263,3,3,4,2,539,1,795,1468
167000,6,1644,3,2,3,2,418,1,1416,1644
142500,6,1003,3,2,3,2,588,1,1003,1003
152000,5,1558,3,2,3,1,282,1,910,910
239000,7,1950,4,3,4,2,576,2,975,975
175000,6,1743,4,2,3,2,539,2,702,1041
158500,6,1152,3,2,4,1,300,1,1092,1152
157000,5,1336,3,2,3,1,375,1,1165,1336
267000,8,2452,4,3,4,2,683,2,1028,1210
205000,7,1541,4,3,4,3,843,2,1541,1541
149900,5,894,3,2,3,2,552,1,894,894
295000,7,3493,3,3,4,3,870,1,1470,1675
305900,8,2000,4,3,4,3,888,2,2000,2000
225000,7,2243,4,3,4,3,746,2,700,1122
89500,6,1406,3,2,2,0,0,1,319,1035
82500,4,861,3,2,3,2,539,1,861,861
360000,9,1944,4,3,5,3,708,2,1896,1944
165600,6,1501,3,2,4,2,420,1,697,697
132000,6,972,3,2,3,1,240,1,972,972
119900,5,1118,3,2,3,2,410,1,793,793
375000,7,2036,3,3,3,2,513,1,2136,2036
178000,7,1641,3,3,5,2,546,1,728,832
188500,7,1432,4,3,4,2,432,2,716,716
260000,7,2353,4,3,5,2,484,2,845,1153
270000,8,1959,4,3,4,3,1025,2,1088,1088
260000,7,2646,4,3,4,3,656,2,1347,1372
187500,7,1472,3,3,3,2,588,1,1372,1472
342643,9,2596,3,3,4,3,840,1,1249,1249
354000,8,2468,4,3,4,3,872,2,1136,1136
301000,7,2730,4,3,4,2,576,2,1502,1553
126175,3,1163,3,1,3,1,220,1,1162,1163
242000,7,2978,4,3,4,2,564,2,710,1898
87000,5,803,3,2,3,2,360,1,720,803
324000,8,1719,4,3,4,2,473,2,1719,1719
145250,6,1383,3,2,3,1,292,1,1383,1383
214500,6,2134,3,2,4,2,441,1,844,1445
78000,5,1192,3,2,3,1,189,1,596,596
119000,5,1728,3,2,3,1,352,1,1728,1728
139000,5,1056,3,2,3,1,308,1,1056,1056
284000,8,1629,4,3,4,3,880,2,3206,1629
207000,7,1358,4,3,4,2,484,2,1358,1358
192000,6,1638,3,2,3,2,472,1,943,943
228950,5,1786,3,2,3,2,529,1,1499,1619
377426,9,1922,4,3,4,3,676,2,1922,1922
214000,7,1536,4,3,4,2,532,2,1536,1536
202500,7,1621,4,3,4,2,440,2,1208,1621
155000,6,1215,3,2,3,1,297,1,1215,1215
202900,8,1908,4,3,4,2,431,2,967,993
82000,4,841,2,2,3,1,294,1,721,841
87500,3,1040,3,1,3,2,400,1,0,1040
266000,9,1684,5,3,5,2,564,2,1684,1684
85000,5,1112,3,2,3,1,336,1,536,536
140200,6,1577,3,2,2,1,312,1,972,972
151500,6,958,3,2,3,1,301,1,958,958
157500,6,1478,3,2,3,2,498,1,1478,1478
154000,7,1626,4,3,4,2,474,2,764,764
437154,9,2728,5,3,5,3,706,2,1848,1848
318061,9,1869,5,3,5,2,617,2,1869,1869
190000,7,1453,3,3,4,2,445,1,1453,1453
95000,5,1111,3,2,3,1,200,1,616,616
105900,6,720,3,2,3,2,484,1,624,720
140000,6,1595,3,2,3,1,240,1,940,1192
177500,6,1200,4,2,4,2,521,2,1200,1200
173000,6,1167,3,2,4,2,400,1,1158,1167
134000,5,1142,3,2,3,2,528,1,1142,1142
130000,5,1352,3,2,4,1,288,1,1062,1352
280000,8,1924,4,3,4,2,592,2,1086,1086
156000,6,912,3,2,3,2,470,1,888,912
145000,5,1505,3,2,3,1,240,1,883,988
198500,7,1922,4,3,4,2,672,2,0,495
118000,6,987,3,2,4,1,264,1,483,483
190000,6,1574,3,2,3,2,566,1,796,790
147000,5,1344,3,2,3,1,468,1,672,672
159000,6,1394,3,2,3,2,514,1,1394,1394
165000,6,1431,3,2,3,1,296,1,1099,1431
132000,5,1268,3,2,3,1,244,1,1268,1268
162000,5,1287,3,2,4,2,576,1,1063,1287
172400,6,1664,3,2,3,2,460,1,953,953
134432,4,1588,3,2,3,2,680,1,0,1120
125000,6,752,3,2,3,1,264,1,744,752
123000,5,1319,3,2,3,1,270,1,608,1319
219500,7,1928,4,3,4,2,434,2,847,847
61000,1,904,2,1,2,0,0,1,683,904
148000,5,914,4,2,3,2,576,2,870,914
340000,8,2466,4,3,4,2,610,2,1580,1580
394432,9,1856,4,3,5,3,834,2,1856,1856
179000,6,1800,3,2,3,2,463,1,982,1007
127000,5,1691,3,2,4,1,308,1,1026,1026
187750,7,1301,4,3,4,2,572,2,1293,1301
213500,7,1797,4,3,4,2,639,2,939,939
76000,6,784,3,2,3,2,360,1,784,784
240000,6,1953,4,2,4,2,501,2,1580,1079
192000,8,1269,4,3,4,2,430,2,1256,1269
81000,5,1184,3,2,3,0,0,1,658,658
125000,6,1125,3,2,3,1,352,1,1041,1125
191000,7,1479,4,3,4,2,577,2,1468,1479
426000,10,2332,5,3,5,3,846,2,1682,1742
119000,5,1367,3,2,3,1,384,1,861,961
215000,6,1961,3,2,4,2,560,1,804,804
106500,5,882,3,2,3,1,294,1,0,882
100000,4,788,3,2,3,0,0,1,788,788
109000,5,1034,3,2,3,1,240,1,735,735
129000,5,1144,3,2,3,1,596,1,1144,1144
123000,5,894,3,2,3,2,600,1,894,894
169500,5,1812,3,2,3,1,264,1,864,876
67000,5,1077,3,2,3,1,338,1,961,1077
241000,7,1550,4,3,4,2,438,2,1092,1112
245500,8,1288,4,3,5,2,500,2,1260,1288
164990,7,1310,4,3,4,2,400,2,1310,1310
108000,5,672,3,2,3,1,240,1,672,672
258000,8,2263,4,3,4,2,420,2,1141,1165
168000,6,1572,3,2,3,2,373,1,806,806
150000,4,1620,3,2,3,2,490,1,1281,1620
115000,6,1639,3,2,3,1,240,1,1064,1166
177000,6,1680,3,2,3,1,308,1,840,840
280000,7,2172,4,3,4,3,947,2,1063,1071
339750,8,2078,4,3,5,3,836,2,1034,1050
60000,5,1276,3,2,3,1,350,1,1276,1276
145000,5,1056,3,2,3,2,572,1,1056,1056
222000,7,1478,5,3,4,2,484,2,1470,1478
115000,5,1028,3,2,3,2,360,1,1008,1028
228000,7,2097,4,3,4,3,678,2,1080,1080
181134,7,1340,4,3,4,2,396,2,1340,1340
149500,6,1400,3,2,3,2,440,1,672,672
239000,6,2624,3,2,3,3,864,1,1370,1370
126000,5,1134,3,2,3,1,240,1,756,756
142000,5,1056,3,2,3,1,304,1,1056,1056
206300,7,1344,3,3,3,4,784,1,1344,1344
215000,6,1602,4,2,4,2,529,2,1602,1602
113000,5,988,3,2,3,2,520,1,988,988
315000,8,2630,4,3,4,3,696,2,1470,1470
139000,6,1196,3,2,3,1,297,1,1196,1196
135000,7,1389,3,3,3,1,240,1,651,707
275000,7,1644,4,3,4,2,569,2,1518,1644
109008,4,907,3,2,3,1,352,1,907,907
195400,7,1208,4,3,4,2,628,2,1208,1208
175000,6,1412,3,2,4,2,576,1,1392,1412
85400,6,987,3,2,3,1,264,1,483,483
79900,6,1198,3,2,3,0,0,1,901,1088
122500,5,1365,3,2,3,2,440,1,765,765
181000,6,1604,3,2,3,2,470,1,926,926
81000,4,630,3,2,3,0,0,1,630,630
212000,7,1661,4,3,4,2,550,2,799,827
116000,6,1118,3,2,3,2,440,1,648,734
119000,6,904,4,2,3,1,180,2,884,904
90350,5,694,3,2,4,1,352,1,440,694
110000,6,1196,3,2,4,2,528,1,684,684
555000,10,2402,5,3,5,3,672,2,3094,2402
118000,4,1440,3,2,2,0,0,1,1440,1440
162900,5,1573,3,2,3,2,360,1,1078,1128
172500,7,1258,4,3,4,3,648,2,1258,1258
210000,7,1908,4,3,4,2,493,2,915,933
127500,6,1689,3,2,3,2,480,1,1436,1689
190000,6,1888,4,2,4,2,578,2,1517,1888
199900,7,1886,4,3,4,2,431,2,930,956
119500,6,1376,3,2,3,1,198,1,780,780
120000,3,1183,3,1,3,1,308,1,649,679
110000,6,813,3,2,4,1,270,1,813,813
280000,7,1533,3,3,4,2,576,1,1533,1533
204000,6,1756,4,2,3,2,422,2,872,888
210000,8,1590,4,3,4,2,676,2,768,786
188000,5,1728,3,2,3,2,560,1,1728,1728
175500,7,1242,3,3,3,2,528,1,1242,1242
98000,5,1344,3,2,3,3,513,1,624,624
256000,4,1663,3,2,4,2,529,1,1364,1663
161000,8,1666,3,3,4,1,228,1,588,833
110000,5,1203,3,2,4,1,352,1,709,979
263435,8,1935,4,3,3,2,552,2,832,832
155000,7,1135,4,3,4,2,576,2,560,575
62383,5,864,3,2,3,1,360,1,864,864
188700,6,1660,3,2,3,1,240,1,715,849
124000,5,1040,3,2,3,0,0,1,1040,1040
178740,7,1414,4,3,4,2,398,2,1375,1414
167000,7,1277,3,3,3,2,526,1,1277,1277
146500,5,1644,3,2,4,1,312,1,728,888
250000,8,1634,4,3,4,3,866,2,1626,1634
187000,6,1710,4,2,4,2,506,2,832,832
212000,8,1502,4,3,4,2,528,2,1488,1502
190000,7,1969,3,3,3,2,534,1,808,1161
148000,6,1072,3,2,3,2,525,1,547,1072
440000,8,1976,4,3,4,3,908,2,1976,1976
251000,8,1652,4,3,5,2,499,2,1494,1652
132500,5,970,3,2,3,2,624,1,970,970
208900,6,1493,3,2,4,2,508,1,1478,1493
380000,9,2643,5,3,5,3,694,2,2153,2069
297000,8,1718,4,3,4,3,826,2,1705,1718
89471,4,1131,3,2,3,2,672,1,907,1131
326000,9,1850,4,3,4,3,772,2,1833,1850
374000,9,1792,4,3,5,3,874,2,1792,1792
155000,7,1826,4,3,5,1,164,2,910,916
164000,6,1216,3,2,3,2,402,1,1216,1216
132500,5,999,3,2,4,1,264,1,999,999
147000,5,1113,4,2,4,1,264,2,1113,1113
156000,5,1073,3,2,3,2,515,1,1073,1073
175000,5,1484,3,2,3,2,487,1,1484,1484
160000,5,2414,3,2,3,2,520,1,954,1766
86000,4,630,3,2,4,1,286,1,630,630
115000,5,1304,3,2,3,1,336,1,264,616
133000,6,1578,3,2,2,1,240,1,806,958
172785,6,1456,4,2,3,2,429,2,728,728
155000,5,1269,3,2,3,1,308,1,1269,1269
91300,5,886,3,2,3,1,273,1,190,886
34900,4,720,3,2,3,0,0,1,720,720
430000,8,3228,4,3,4,2,546,2,3200,3228
184000,7,1820,3,3,3,1,240,1,1026,1133
130000,5,899,3,2,4,1,288,1,864,899
120000,5,912,3,2,3,1,297,1,912,912
113000,6,1218,3,2,3,1,264,1,672,672
226700,7,1768,4,3,4,2,603,2,866,866
140000,5,1214,3,2,3,2,461,1,1214,1214
289000,7,1801,3,3,3,2,484,1,1501,1801
147000,6,1322,3,2,3,2,440,1,855,855
124500,5,1960,3,2,3,2,400,1,960,960
215000,8,1911,4,3,4,2,471,2,777,1065
208300,6,1218,4,2,4,2,676,2,1218,1218
161000,7,1378,3,3,4,2,360,1,689,689
124500,5,1041,3,2,3,1,270,1,1041,1041
164900,5,1363,4,2,3,1,288,2,1008,1363
202665,7,1368,4,3,4,2,474,2,1368,1368
129900,5,864,3,2,3,2,624,1,864,864
134000,6,1080,3,2,3,2,484,1,1084,1080
96500,5,789,3,2,3,1,200,1,768,789
402861,10,2020,5,3,5,3,900,2,2006,2020
158000,6,2119,3,2,3,2,583,1,689,1378
265000,7,2344,4,3,4,3,889,2,1264,1277
211000,6,1796,3,2,3,2,546,1,794,882
234000,7,2080,4,3,4,1,282,2,1276,1276
106250,4,1294,3,2,3,0,0,1,0,694
150000,6,1244,3,2,3,1,336,1,1244,1244
159000,6,1664,3,2,3,2,420,1,1004,1004
184750,10,4676,5,3,5,3,884,2,3138,3138
315750,7,2398,4,3,4,3,834,2,1379,1383
176000,7,1266,4,3,4,2,453,2,1257,1266
132000,5,928,3,2,3,1,252,1,928,928
446261,9,2713,5,3,5,3,858,2,1452,1476
86000,4,605,3,2,3,0,0,1,528,605
200624,6,2515,4,2,3,2,484,2,2035,2515
175000,6,1509,4,2,4,2,600,2,1461,1509
128000,6,1362,3,2,3,2,502,1,611,751
107500,5,827,3,2,3,1,392,1,0,827
39300,1,334,2,1,2,0,0,1,0,334
178000,8,1414,4,3,4,2,403,2,707,707
107500,5,1347,3,2,3,0,0,1,1117,820
188000,7,1724,3,3,4,2,527,1,880,880
111250,4,864,3,2,3,2,576,1,864,864
158000,5,1159,3,2,3,1,336,1,1051,1159
272000,8,1601,4,3,4,2,670,2,1581,1601
315000,9,1838,5,3,5,3,765,2,1838,1838
248000,8,2285,4,3,4,3,648,2,969,997
213250,7,1680,4,3,4,2,583,2,1650,1680
133000,7,767,3,3,3,1,367,1,723,767
179665,7,1496,4,3,4,2,426,2,654,664
229000,7,2183,4,3,4,3,786,2,1204,1377
210000,6,1635,3,2,3,2,440,1,1065,915
129500,5,768,3,2,3,2,624,1,768,768
125000,5,825,3,2,3,2,720,1,825,825
263000,7,2094,4,3,4,2,615,2,912,912
140000,6,1069,3,2,3,2,440,1,1069,1069
112500,5,928,3,2,3,1,288,1,928,928
255500,8,1717,4,3,4,3,908,2,1709,1717
108000,4,1126,3,2,4,2,520,1,0,1126
284000,7,2046,4,3,4,3,871,2,998,1006
113000,5,1048,3,2,3,1,280,1,993,1048
141000,5,1092,3,2,3,1,299,1,1092,1092
108000,4,1336,3,2,3,1,570,1,637,897
175000,7,1446,3,3,3,2,406,1,729,729
234000,7,1557,4,3,4,2,420,2,1374,1557
121500,5,1392,3,2,3,2,528,1,1392,1392
170000,5,1389,3,2,3,2,418,1,1389,1389
108000,5,996,3,2,3,0,0,1,996,996
185000,6,1674,3,2,3,2,396,1,1163,1163
268000,7,2295,4,3,4,2,590,2,1095,1166
128000,6,1647,3,2,2,1,216,1,806,841
325000,9,2504,4,3,5,3,656,2,1122,1134
214000,7,1535,4,3,4,2,532,2,1517,1535
316600,8,2132,4,3,4,2,612,2,1496,1496
135960,5,943,3,2,3,2,600,1,943,943
142600,5,1728,3,2,3,2,576,1,1728,1728
120000,6,864,3,2,4,1,288,1,864,864
224500,7,1692,3,3,4,2,650,1,846,846
170000,7,1430,3,3,3,2,400,1,384,774
139000,5,1109,3,2,3,1,288,1,372,576
118500,5,1216,3,2,3,1,336,1,832,832
145000,7,1477,3,3,3,1,216,1,861,877
164500,5,1320,3,2,3,2,564,1,1164,1320
146000,7,1392,4,3,4,2,540,2,689,703
131500,5,1795,3,2,3,1,352,1,1050,1050
181900,6,1429,3,2,4,2,572,1,1144,1429
253293,8,2042,5,3,5,3,1390,2,2042,2042
118500,6,816,3,2,3,0,0,1,816,816
325000,10,2775,5,3,4,2,880,2,1237,1521
133000,4,1573,3,2,4,1,240,1,884,989
369900,8,2028,4,3,4,3,880,2,1868,2028
130000,6,838,3,2,2,1,275,1,816,838
137000,5,860,3,2,3,2,528,1,840,860
143000,5,1473,3,2,5,1,452,1,1437,1473
79500,5,935,3,2,3,1,308,1,742,779
185900,7,1582,4,3,4,2,520,2,770,770
451950,10,2296,5,3,5,3,842,2,1722,1728
138000,5,816,3,2,3,2,816,1,816,816
140000,6,848,4,2,4,2,420,2,848,848
110000,5,924,3,2,3,1,280,1,924,924
319000,8,1826,4,3,4,3,758,2,1814,1826
114504,6,1368,3,2,3,1,216,1,684,684
194201,7,1402,4,3,4,3,648,2,1258,1402
217500,5,1647,3,2,4,2,621,1,1430,1647
151000,6,1556,3,2,3,2,452,1,716,716
275000,8,1904,4,3,5,2,736,2,1058,1058
141000,6,1375,3,2,4,1,544,1,780,780
220000,8,1915,4,3,4,2,506,2,908,927
151000,7,1200,4,3,4,2,480,2,600,600
221000,7,1494,4,3,4,2,530,2,1494,1494
205000,7,1986,3,3,3,2,486,1,768,1186
152000,5,1040,3,2,4,2,576,1,1040,1040
225000,5,2008,3,2,5,1,230,1,896,1112
359100,8,3194,3,3,3,2,380,1,965,1940
118500,4,1029,3,2,3,1,261,1,1029,1029
313000,9,2153,4,3,5,3,736,2,1440,1476
148000,6,1032,3,2,3,2,564,1,1032,1032
261500,8,1872,4,3,5,2,531,2,1299,1299
147000,5,1120,3,2,3,0,0,1,1120,1120
75500,4,630,3,2,3,0,0,1,630,630
137500,6,1054,3,2,4,2,480,1,936,1054
183200,6,1509,4,2,4,2,393,2,783,807
105500,6,832,3,2,4,2,528,1,832,832
314813,9,1828,5,3,4,3,774,2,1822,1828
305000,8,2262,4,3,4,3,749,2,1482,1482
67000,3,864,3,1,3,0,0,1,864,864
240000,6,2614,3,2,3,2,624,1,1522,1548
135000,5,980,3,2,3,2,484,1,980,980
168500,6,1512,4,2,4,2,440,2,756,756
165150,6,1790,3,2,3,2,484,1,732,1012
160000,6,1116,3,2,3,2,440,1,1116,1116
139900,5,1422,3,2,3,1,286,1,978,1422
153000,6,1520,3,2,3,1,364,1,1156,1520
135000,5,2080,3,2,2,2,504,1,1040,1040
168500,6,1350,3,2,3,2,520,1,1248,1350
124000,5,1750,3,2,5,1,240,1,636,1089
209500,8,1554,4,3,4,2,627,2,1554,1554
82500,7,1411,3,3,3,2,544,1,1386,1411
139400,5,1056,3,2,3,1,260,1,1056,1056
144000,6,1056,3,2,3,2,576,1,1056,1056
200000,6,3395,2,2,2,0,0,1,1440,1440
60000,2,800,2,1,2,0,0,1,264,800
93000,5,1387,3,2,4,1,256,1,811,811
85000,5,796,3,2,3,0,0,1,796,796
264561,8,1567,4,3,5,3,648,2,1520,1567
274000,8,1518,5,3,5,2,588,2,1518,1518
226000,7,1929,4,3,4,2,650,2,1057,1057
345000,8,2704,4,3,5,2,538,2,1952,2000
152000,5,1620,3,2,3,2,462,1,780,780
370878,9,1766,5,3,5,3,478,2,1766,1766
143250,6,981,3,2,3,2,576,1,981,981
98300,5,1048,3,2,3,2,420,1,0,1048
155000,6,1094,3,2,3,2,495,1,1094,1094
155000,6,1839,3,2,3,2,442,1,756,1051
84500,4,630,3,2,3,0,0,1,630,630
205950,7,1665,4,3,4,2,562,2,813,822
108000,4,1510,3,2,3,1,296,1,755,755
191000,7,1716,4,3,4,2,512,2,880,909
135000,6,1469,3,2,3,1,216,1,756,756
350000,8,2113,4,3,4,3,839,2,2109,2113
88000,6,1092,3,2,3,1,264,1,525,525
145500,5,1053,4,2,4,1,312,2,1053,1053
149000,7,1502,3,3,3,1,270,1,776,851
97500,6,1458,3,2,3,1,330,1,912,912
167000,5,1486,3,2,3,2,480,1,1486,1486
197900,7,1935,3,3,3,2,550,1,793,1142
402000,8,2448,4,3,4,3,711,2,1629,1686
110000,6,1392,3,2,3,2,576,1,1392,1392
137500,4,1181,3,2,3,2,588,1,1138,1181
423000,8,2097,4,3,5,3,1134,2,2077,2097
230500,8,1936,4,3,4,2,504,2,1406,1454
129000,6,2380,3,2,3,2,596,1,1021,1465
193500,6,1679,3,2,4,2,575,1,1408,1679
168000,5,1437,3,2,3,2,576,1,1188,1437
137500,4,1180,3,2,2,1,252,1,700,1180
173500,6,1476,4,2,4,2,540,2,738,738
103600,6,1369,3,2,3,1,300,1,672,697
165000,6,1208,4,2,3,2,546,2,1208,1208
257500,6,1839,3,2,4,2,416,1,1477,1839
140000,6,1136,3,2,3,1,384,1,1136,1136
148500,6,1441,3,2,3,2,440,1,855,855
87000,4,1774,3,2,3,3,779,1,1095,1095
109500,5,792,4,2,4,1,240,2,768,792
372500,8,2046,4,3,4,3,834,2,2046,2046
128500,5,988,3,2,3,2,572,1,988,988
143000,6,923,3,2,3,1,264,1,923,923
159434,5,1520,3,2,3,1,281,1,793,848
173000,6,1291,3,2,4,2,431,1,1291,1291
285000,9,1668,4,3,4,3,702,2,1626,1668
221000,7,1839,4,3,3,2,486,2,1195,1195
207500,7,2090,4,3,4,2,577,2,1190,1190
227875,7,1761,4,3,4,2,578,2,874,874
148800,7,1102,4,3,4,2,480,2,551,551
392000,8,1419,4,3,4,2,567,2,1419,1419
194700,6,1362,4,2,4,2,460,2,1362,1362
141000,6,848,4,2,4,2,420,2,848,848
755000,10,4316,5,3,5,3,832,2,2444,2444
335000,7,2519,4,3,4,2,628,2,1210,1238
108480,5,1073,3,2,3,1,326,1,1073,1073
141500,5,1539,3,2,3,2,576,1,927,1067
176000,6,1137,3,2,4,2,551,1,1112,1137
89000,5,616,3,2,3,1,205,1,616,616
123500,5,1148,3,2,3,1,308,1,980,1148
138500,5,894,3,2,3,1,336,1,894,894
196000,7,1391,4,3,4,2,530,2,1391,1391
312500,8,1800,4,3,4,3,765,2,1800,1800
140000,7,1164,3,3,3,2,528,1,1164,1164
361919,8,2576,5,3,5,3,666,2,1234,1264
140000,5,1812,3,2,4,2,672,1,360,1032
213000,7,1484,4,3,4,2,606,2,1473,1484
55000,4,1092,2,2,2,0,0,1,0,372
302000,7,1824,3,3,4,2,739,1,1643,1824
254000,8,1324,4,3,4,2,550,2,1324,1324
179540,7,1456,4,3,4,2,400,2,728,728
109900,5,904,3,2,3,1,408,1,876,904
52000,3,729,4,1,3,0,0,2,270,729
102776,4,1178,3,2,3,1,384,1,859,859
189000,8,1228,4,3,4,2,472,2,1228,1228
129000,4,960,3,2,3,2,576,1,960,960
130500,6,1479,4,2,4,2,475,2,725,725
165000,6,1350,3,2,3,2,478,1,1064,1350
159500,7,2554,3,3,3,2,704,1,718,1576
157000,5,1178,3,2,4,2,439,1,1176,1178
341000,7,2418,4,3,4,3,983,2,1311,1325
128500,5,971,3,2,3,1,300,1,971,971
275000,8,1742,4,3,4,2,564,2,1742,1742
143000,6,848,4,2,4,2,420,2,848,848
124500,4,864,3,2,3,2,463,1,864,864
135000,4,1470,3,2,3,1,548,1,941,997
320000,9,1698,5,3,5,3,768,2,1698,1698
120500,4,864,3,2,4,2,660,1,864,864
222000,6,1680,4,2,4,2,540,2,880,1680
194500,7,1232,4,3,4,2,632,2,1232,1232
110000,5,1776,3,2,3,3,888,1,1584,1776
103000,4,1208,3,2,3,2,539,1,780,848
236500,8,1616,4,3,4,2,608,2,1595,1616
187500,7,1146,4,3,4,2,438,2,868,1146
222500,7,2031,4,3,4,2,541,2,1153,1153
131400,5,1144,3,2,3,1,264,1,864,1144
108000,5,948,3,2,3,1,300,1,948,948
163000,7,1768,3,3,3,2,320,1,880,880
93500,3,1040,3,1,3,2,400,1,0,1040
239900,8,1801,4,3,4,3,800,2,893,901
179000,5,1200,3,2,3,0,0,1,1200,1200
190000,7,1728,4,3,4,2,572,2,864,864
132000,5,1432,3,2,3,2,360,1,264,768
142000,6,912,3,2,4,1,288,1,912,912
179000,7,1349,3,3,3,2,539,1,1349,1349
175000,5,1464,3,2,3,2,480,1,520,1464
180000,8,1337,4,3,4,2,462,2,1337,1337
299800,8,2715,5,3,4,2,831,2,1142,1175
236000,7,2256,4,3,4,2,554,2,952,980
265979,7,2640,4,3,4,4,864,2,1240,1320
260400,7,1720,4,3,4,2,527,2,1720,1720
98000,4,1529,3,2,3,1,240,1,0,1088
96500,4,1140,3,2,3,0,0,1,576,792
162000,7,1320,4,3,4,2,400,2,660,660
217000,6,1494,3,2,4,2,576,1,1479,1494
275500,8,2098,4,3,5,3,878,2,1030,1038
156000,6,1026,3,2,4,2,440,1,1026,1026
172500,6,1471,3,2,3,2,440,1,729,742
212000,8,1768,4,3,4,2,578,2,866,866
158900,6,1386,3,2,3,2,440,1,672,672
179400,7,1501,3,3,3,2,440,1,744,757
290000,8,2531,4,3,4,3,752,2,1318,1328
127500,6,864,3,2,3,1,300,1,864,864
100000,5,1301,3,2,2,2,440,1,1145,1301
215200,7,1547,3,3,4,2,614,1,756,764
337000,8,2365,4,3,4,3,856,2,1252,1268
270000,8,1494,4,3,5,2,481,2,1494,1494
264132,9,1506,4,3,5,2,592,2,1498,1506
196500,7,1714,3,3,3,2,496,1,980,980
160000,6,1750,3,2,3,1,423,1,983,983
216837,7,1836,4,3,4,2,484,2,1860,1836
538000,8,3279,5,3,5,3,841,2,1650,1690
134900,5,858,3,2,3,2,576,1,858,858
102000,4,1220,3,2,3,2,396,1,836,1220
107000,6,1117,3,2,3,2,672,1,1029,1117
114500,5,912,3,2,3,1,275,1,912,912
395000,8,1973,4,3,4,3,895,2,1935,1973
162000,6,1204,3,2,3,2,412,1,1204,1204
221500,7,1614,4,3,4,3,865,2,1614,1614
142500,5,894,3,2,3,2,440,1,864,894
144000,5,2020,3,2,3,2,630,1,0,2020
135000,6,1004,3,2,3,2,504,1,975,1004
176000,7,1253,3,3,3,2,402,1,1237,1253
175900,6,1603,4,2,4,2,484,2,761,810
187100,7,1430,4,3,4,2,605,2,1413,1430
165500,5,1110,3,2,4,2,602,1,1097,1110
128000,6,1484,3,2,3,0,0,1,742,742
161500,6,1342,3,2,3,2,457,1,1372,1342
139000,5,1652,3,2,3,1,416,1,686,966
233000,7,2084,4,3,4,2,618,2,956,956
107900,4,901,3,2,3,1,281,1,901,901
187500,6,2087,3,2,4,2,444,1,832,976
160200,7,1145,4,3,4,2,397,2,1145,1145
146800,6,1062,3,2,3,2,539,1,1029,1062
269790,7,2013,4,3,3,2,455,2,1117,1127
225000,8,1496,4,3,4,2,474,2,1496,1496
194500,7,1895,4,3,4,2,409,2,712,1086
171000,6,1564,3,2,3,2,476,1,650,888
143500,6,1285,3,2,3,2,528,1,660,1285
110000,5,773,3,2,3,1,240,1,773,773
485000,9,3140,5,3,5,3,820,2,1926,1966
175000,5,1768,3,2,4,1,240,1,731,981
200000,6,1688,3,2,4,2,603,1,616,616
109900,4,1196,3,2,3,2,440,1,1196,1196
189000,7,1456,4,3,4,2,410,2,728,728
582933,9,2822,5,3,5,3,1020,2,1734,1734
118000,5,1128,3,2,3,1,286,1,936,1128
227680,7,1428,4,3,5,2,554,2,1417,1428
135500,5,980,3,2,3,1,384,1,980,980
223500,5,1576,3,2,4,2,528,1,1324,1072
159950,5,1086,3,2,3,2,484,1,1024,1086
106000,5,2138,3,2,3,2,360,1,849,1075
181000,6,1309,3,2,4,2,484,1,1040,1309
144500,6,848,4,2,4,2,420,2,848,848
55993,5,1044,2,2,2,2,504,1,540,1044
157900,6,1442,3,2,3,1,301,1,1442,1442
116000,5,1250,3,2,2,1,280,1,686,686
224900,7,1661,3,3,4,2,598,1,1649,1661
137000,5,1008,3,2,3,1,275,1,1008,1008
271000,8,1689,4,3,4,3,857,2,1568,1689
155000,6,1052,3,2,3,2,440,1,1010,1052
224000,7,1358,4,3,4,2,484,2,1358,1358
183000,7,1640,4,3,4,2,595,2,798,798
93000,4,936,2,2,3,2,576,1,936,936
225000,7,1733,4,3,4,2,433,2,847,847
139500,6,1489,3,2,3,1,240,1,778,944
232600,8,1489,4,3,4,2,776,2,1489,1489
385000,10,2084,5,3,5,3,1220,2,2078,2084
109500,5,784,3,2,4,0,0,1,784,784
189000,7,1434,4,3,4,2,527,2,1454,1434
185000,5,2126,3,2,3,2,538,1,1013,1160
147400,7,1223,4,3,4,2,480,2,600,520
166000,6,1392,3,2,3,2,458,1,1392,1392
151000,7,1200,3,3,4,2,480,1,600,520
237000,7,1829,4,3,4,2,613,2,941,941
167000,6,1516,3,2,3,2,472,1,1516,1516
139950,5,1144,3,2,3,2,456,1,1144,1144
128000,4,1067,3,2,4,2,436,1,1067,1067
153500,5,1559,3,2,3,2,812,1,1559,1559
100000,6,987,3,2,3,1,264,1,483,483
144000,5,1099,3,2,4,1,352,1,1099,1099
130500,5,1200,3,2,3,1,240,1,768,768
140000,6,1482,3,2,2,1,400,1,672,810
157500,5,1539,3,2,4,2,686,1,650,958
174900,6,1165,3,2,3,2,490,1,1127,1165
141000,5,1800,3,2,3,0,0,1,1800,1800
153900,5,1416,3,2,3,3,720,1,876,876
171000,5,1701,3,2,3,2,611,1,1390,1701
213000,7,1775,4,3,4,2,425,2,740,1006
133500,5,864,3,2,3,1,338,1,864,864
240000,6,2358,3,2,3,2,360,1,907,1307
187000,6,1855,4,2,3,2,512,2,528,1094
131500,6,848,4,2,4,2,420,2,848,848
215000,8,1456,4,3,4,2,400,2,1273,1456
164000,7,1646,3,3,3,1,240,1,918,918
158000,6,1445,3,2,3,2,645,1,1127,1445
170000,5,1779,3,2,3,2,454,1,1763,1779
127000,5,1040,3,2,3,1,260,1,1040,1040
147000,6,1026,3,2,3,2,576,1,940,1026
174000,6,1481,3,2,3,2,343,1,702,702
152000,7,1370,3,3,3,2,479,1,1090,1370
250000,6,2654,3,2,4,2,619,1,1054,1512
189950,7,1426,4,3,4,1,216,2,912,912
131500,5,1039,3,2,3,2,504,1,1039,1039
152000,6,1097,3,2,3,2,480,1,1040,1097
132500,5,1148,3,2,3,1,672,1,1148,1148
250580,7,1372,4,3,4,2,529,2,1372,1372
148500,5,1002,3,2,3,2,902,1,1002,1002
248900,8,1646,4,3,4,3,870,2,1638,1646
129000,4,1120,3,2,2,2,544,1,1040,1120
169000,5,2320,3,2,3,2,672,1,0,1547
236000,7,1949,4,3,4,2,574,2,1050,1062
109500,5,894,3,2,3,1,308,1,894,894
200500,6,1682,3,2,4,2,523,1,804,804
116000,5,910,4,2,4,2,414,2,105,910
133000,5,1268,4,2,3,1,288,2,832,1036
66500,5,1131,3,2,3,1,200,1,676,676
303477,8,2610,4,3,5,2,550,2,1184,1184
132250,4,1040,3,2,3,2,648,1,1064,1040
350000,9,2224,4,3,5,3,738,2,1462,1462
148000,5,1155,3,2,4,2,576,1,1109,1155
136500,5,864,4,2,3,1,336,2,864,864
157000,5,1090,3,2,3,2,450,1,1090,1090
187500,7,1717,4,3,4,2,400,2,1156,1187
178000,6,1593,3,2,3,2,389,1,808,808
118500,4,2230,4,2,3,1,440,2,795,954
100000,5,892,3,2,3,1,288,1,892,892
328900,9,1709,4,3,4,2,506,2,1698,1709
145000,5,1712,3,2,3,2,588,1,1626,1712
135500,5,1393,3,2,3,1,300,1,816,872
268000,8,2217,4,3,4,2,621,2,2217,2217
149500,6,1505,3,2,3,2,505,1,1505,1505
122900,5,924,3,2,3,2,576,1,672,672
172500,6,1683,3,2,3,2,440,1,918,918
154500,6,1068,3,2,3,1,264,1,1059,1068
165000,5,1383,3,2,3,1,354,1,1383,1383
118858,5,1535,3,2,3,2,400,1,0,1535
140000,6,1796,3,2,3,2,483,1,780,983
106500,4,951,3,2,3,1,327,1,951,951
142953,5,2240,3,2,3,2,528,1,0,1120
611657,9,2364,5,3,5,3,820,2,2330,2364
135000,5,1236,3,2,3,1,288,1,912,1236
110000,4,858,3,2,3,1,684,1,858,858
153000,5,1306,3,2,3,1,756,1,992,1306
180000,7,1509,4,3,4,2,393,2,783,807
240000,7,1670,4,3,4,3,690,2,1670,1670
125500,5,902,3,2,3,1,288,1,876,902
128000,5,1063,3,2,3,1,280,1,1056,1063
255000,8,1636,4,3,4,3,865,2,1623,1636
250000,7,2057,4,3,4,1,180,2,1017,1020
131000,5,902,3,2,3,2,484,1,864,902
174000,6,1484,4,2,4,2,390,2,742,742
154300,5,2274,3,2,3,2,480,1,1105,1105
143500,5,1268,3,2,4,1,252,1,1268,1268
88000,5,1015,3,2,3,1,450,1,768,1015
145000,5,2002,3,2,3,3,871,1,1001,1001
173733,6,1224,4,2,4,2,528,2,612,612
75000,4,1092,3,2,3,1,286,1,546,546
35311,2,480,3,1,3,1,308,1,480,480
135000,4,1229,3,2,3,1,284,1,1134,1229
238000,7,2127,4,3,4,3,833,2,1104,912
176500,6,1414,5,2,3,2,601,2,1184,1414
201000,6,1721,4,2,4,2,471,2,928,936
145900,5,2200,3,2,3,0,0,1,1272,1272
169990,6,1316,4,2,4,2,397,2,1316,1316
193000,6,1617,4,2,4,2,533,2,1604,1617
207500,6,1686,3,2,3,2,612,1,1686,1686
175000,5,1126,3,2,5,2,540,1,1126,1126
285000,8,2374,4,3,5,3,656,2,1181,1234
176000,7,1978,3,3,3,2,486,1,832,1098
236500,8,1788,4,3,5,2,522,2,1753,1788
222000,7,2236,3,3,4,2,642,1,964,993
201000,8,1466,4,3,4,3,610,2,1466,1466
117500,5,925,3,2,3,1,429,1,925,925
320000,9,1905,5,3,5,3,788,2,1905,1905
190000,7,1500,4,3,4,2,570,2,1500,1500
242000,7,2069,3,3,4,2,505,1,585,2069
79900,4,747,3,2,3,2,528,1,600,747
184900,7,1200,4,3,4,2,555,2,1176,1200
253000,7,1971,4,3,4,2,689,2,1113,1113
239799,7,1962,4,3,4,3,868,2,1391,1391
244400,7,2403,3,3,3,1,349,1,1032,1207
150900,6,1728,3,2,3,2,574,1,1728,1728
214000,7,2060,4,3,4,2,390,2,992,1022
150000,4,1440,3,2,3,0,0,1,1440,1440
143000,5,1632,3,2,3,2,576,1,1632,1632
137500,6,1344,3,2,4,2,525,1,819,1344
124900,5,1869,3,2,3,2,456,1,1088,1188
143000,5,1144,3,2,3,1,796,1,1144,1144
270000,8,1629,4,3,4,3,808,2,1616,1629
192500,7,1776,4,3,4,2,474,2,936,936
197500,6,1381,3,2,4,2,676,1,1161,1381
129000,5,864,3,2,4,2,720,1,864,864
119900,5,965,3,2,3,1,300,1,828,965
133900,5,768,3,2,3,1,396,1,768,768
172000,5,1968,3,2,3,2,530,1,784,1168
127500,6,980,3,2,3,0,0,1,945,980
145000,6,1958,3,2,3,2,492,1,979,979
124000,6,1229,3,2,3,2,462,1,561,561
132000,5,1057,3,2,3,2,576,1,1057,1057
185000,7,1337,4,3,4,2,531,2,1337,1337
155000,7,1416,4,3,4,2,484,2,696,696
116500,5,858,3,2,3,0,0,1,858,858
272000,6,2872,3,2,3,2,619,1,1330,1542
155000,6,1548,3,2,4,2,440,1,804,804
239000,9,1800,4,3,5,2,702,2,1800,1800
214900,7,1894,4,3,4,2,510,2,817,824
178900,6,1484,4,2,4,2,393,2,783,783
160000,5,1308,4,2,3,1,256,2,728,976
135000,5,1098,3,2,3,1,260,1,1098,1098
37900,3,968,3,1,3,0,0,1,600,600
140000,6,1095,3,2,3,1,264,1,588,1095
135000,4,1192,3,2,3,0,0,1,720,720
173000,7,1626,4,3,4,2,474,2,764,764
99500,6,918,3,2,3,1,264,1,918,918
182000,7,1428,4,3,4,2,480,2,1428,1428
167500,7,2019,3,3,4,2,532,1,728,1136
165000,7,1382,4,3,4,2,490,2,673,673
85500,4,869,3,2,2,0,0,1,440,869
199900,7,1241,4,3,4,2,569,2,1241,1241
110000,4,894,3,2,3,2,400,1,894,894
139000,5,1121,3,2,3,2,480,1,1121,1121
178400,7,999,5,3,5,2,588,2,944,999
336000,8,2612,4,3,4,3,676,2,1225,1276
159895,7,1266,4,3,4,2,388,2,1266,1266
255900,8,2290,4,3,4,2,779,2,1128,1149
126000,5,1734,3,2,4,2,539,1,0,1302
125000,5,1164,3,2,3,1,240,1,1164,1164
117000,6,1635,3,2,4,1,255,1,485,1001
395192,9,1940,5,3,5,3,606,2,1930,1940
195000,6,2030,3,2,4,2,551,1,848,1118
197000,7,1576,4,3,4,2,614,2,770,778
348000,8,2392,4,3,4,3,870,2,1396,1407
168000,8,1742,4,3,4,2,424,2,916,916
187000,6,1851,3,2,4,2,440,1,822,1020
173900,6,1500,3,2,4,2,564,1,750,750
337500,10,1718,5,3,5,3,786,2,1700,1718
121600,4,1230,3,2,3,1,305,1,747,774
136500,5,1050,3,2,3,1,368,1,1050,1050
185000,6,1442,3,2,3,2,615,1,1442,1442
91000,3,1077,3,1,3,1,210,1,1007,1077
206000,7,1208,4,3,4,2,632,2,1187,1208
82000,3,944,3,1,2,2,528,1,0,944
86000,5,691,3,2,5,1,216,1,691,691
232000,8,1574,4,3,4,3,824,2,1574,1574
136905,5,1680,3,2,3,2,528,1,1680,1680
181000,7,1504,4,3,4,2,457,2,1346,1504
149900,5,985,4,2,3,1,328,2,985,985
163500,6,1657,3,2,3,2,484,1,1657,1657
88000,4,1092,3,2,3,1,286,1,546,546
240000,7,1710,4,3,4,2,550,2,1710,1710
102000,5,1522,3,2,3,0,0,1,1008,1008
135000,5,1271,3,2,3,1,312,1,720,720
100000,5,1664,3,2,3,0,0,1,0,1664
165000,6,1502,3,2,4,1,180,1,602,900
85000,5,1022,3,2,3,1,280,1,1022,1022
119200,6,1082,3,2,3,1,240,1,1082,1082
227000,8,1665,4,3,4,2,528,2,810,810
203000,7,1504,4,3,4,2,478,2,1504,1504
187500,8,1360,4,3,4,2,565,2,1220,1360
160000,7,1472,4,3,4,2,402,2,384,802
213490,7,1506,4,3,4,2,440,2,1362,1506
176000,4,1132,3,2,4,2,451,1,1132,1132
194000,7,1220,4,3,4,2,632,2,1199,1220
87000,5,1248,3,2,3,1,160,1,912,912
191000,7,1504,4,3,4,2,437,2,1346,1504
287000,8,2898,4,3,4,2,665,2,1565,2898
112500,5,882,3,2,3,2,461,1,882,882
167500,5,1264,3,2,3,2,461,1,1268,1264
293077,8,1646,4,3,4,3,800,2,1638,1646
105000,5,1376,3,2,3,1,240,1,768,968
118000,6,1218,3,2,3,1,264,1,672,672
160000,5,1928,3,2,3,0,0,1,686,948
197000,7,3082,3,3,3,2,672,1,824,1687
310000,8,2520,4,3,4,3,796,2,1338,1352
230000,7,1654,4,3,4,3,900,2,1654,1654
119750,5,954,3,2,2,1,240,1,920,954
84000,4,845,3,2,3,1,290,1,0,845
315500,9,1620,4,3,5,3,912,2,1620,1620
287000,8,2263,4,3,4,2,905,2,1055,1055
97000,4,1344,3,2,3,0,0,1,546,798
80000,4,630,3,2,3,1,286,1,630,630
155000,5,1803,3,2,3,2,484,1,1134,1803
173000,6,1632,3,2,4,2,484,1,800,800
196000,6,1306,4,2,4,2,624,2,1306,1306
262280,7,2329,3,3,4,2,514,1,1475,1532
278000,8,2524,4,3,4,2,542,2,2524,2524
139600,3,1733,3,1,3,2,452,1,0,1733
556581,9,2868,4,3,5,3,716,2,1992,1992
145000,5,990,3,2,3,2,672,1,990,990
115000,5,1771,3,2,3,2,336,1,0,1771
84900,4,930,3,2,4,1,308,1,0,930
176485,7,1302,4,3,4,2,436,2,1302,1302
200141,7,1316,4,3,4,2,440,2,1316,1316
165000,6,1977,3,2,3,2,540,1,816,1127
144500,5,1526,3,2,3,1,364,1,1216,1526
255000,8,1989,4,3,4,2,586,2,1065,1091
180000,6,1523,3,2,3,2,478,1,1193,1523
185850,7,1364,4,3,4,2,484,2,1364,1364
248000,7,1850,4,3,4,2,467,2,973,979
335000,9,2184,5,3,5,3,836,2,1104,1130
220000,6,1991,3,2,3,2,432,1,854,1096
213500,8,1338,4,3,4,2,582,2,1338,1338
81000,3,894,2,1,3,3,1248,1,894,894
90000,5,2337,3,2,3,2,560,1,662,1422
110500,6,1103,3,2,4,2,440,1,1103,1103
154000,5,1154,3,2,3,2,480,1,1154,1154
328000,7,2260,4,3,4,2,533,2,1306,1306
178000,6,1571,4,2,3,2,380,2,799,799
167900,6,1611,3,2,3,2,442,1,780,798
151400,6,2521,3,2,3,2,576,1,942,1291
135000,5,893,3,2,4,2,576,1,845,893
135000,5,1048,3,2,3,1,286,1,1048,1048
154000,6,1556,3,2,3,2,441,1,727,829
91500,5,1456,3,2,3,1,280,1,810,1002
159500,6,1426,3,2,3,2,440,1,690,698
194000,7,1240,4,3,4,3,826,2,1240,1240
219500,7,1740,3,3,3,1,240,1,800,960
170000,5,1466,3,2,4,2,566,1,796,1096
138800,5,1096,3,2,3,1,299,1,1096,1096
155900,6,848,4,2,4,2,420,2,848,848
126000,5,990,3,2,3,1,299,1,990,990
145000,6,1258,4,2,4,2,528,2,1258,1258
133000,5,1040,3,2,3,1,308,1,1040,1040
192000,7,1459,4,3,4,2,527,2,1459,1459
160000,6,1251,3,2,3,1,461,1,1251,1251
187500,6,1498,3,2,3,2,409,1,691,691
147000,6,996,3,2,4,2,564,1,936,996
83500,4,1092,3,2,3,1,286,1,546,546
252000,8,1953,4,3,4,3,1043,2,1082,1082
137500,7,1709,4,3,4,2,380,2,970,970
197000,8,1247,4,3,4,2,550,2,1247,1247
92900,3,1040,3,1,3,2,400,1,0,1040
160000,7,1252,4,3,4,2,462,2,600,624
136500,6,1694,3,2,3,2,576,1,1181,1390
146000,5,1200,3,2,4,2,884,1,864,1200
129000,5,936,3,2,3,1,308,1,936,936
176432,6,1314,4,2,4,2,440,2,1314,1314
127000,6,1355,3,2,4,0,0,1,684,773
170000,8,1088,4,3,4,2,461,2,1074,1088
128000,4,1324,3,2,3,1,240,1,672,757
157000,7,1601,3,3,3,2,478,1,1271,1601
60000,2,438,3,1,2,1,246,1,290,438
119500,5,950,3,2,3,1,280,1,950,950
135000,5,1134,3,2,3,1,254,1,1010,1134
159500,6,1194,3,2,3,2,539,1,655,1194
106000,5,1302,3,2,3,2,440,1,630,630
325000,8,2622,4,3,4,2,712,2,1463,1500
179900,7,1442,4,3,4,2,719,2,910,1442
274725,7,2021,4,3,4,2,422,2,868,887
181000,6,1690,3,2,3,2,463,1,924,948
280000,8,1836,4,3,4,3,862,2,1836,1836
188000,6,1658,3,2,3,2,431,1,773,773
205000,7,1964,3,3,3,2,483,1,803,1098
129900,5,816,3,2,3,1,308,1,816,816
134500,5,1008,3,2,4,1,240,1,1008,1008
117000,5,833,3,2,4,1,326,1,833,833
318000,8,1734,4,3,5,3,928,2,1734,1734
184100,8,1419,4,3,4,2,527,2,408,779
130000,5,894,3,2,4,2,450,1,894,894
140000,5,1601,3,2,3,1,300,1,533,1021
133700,5,1040,3,2,3,1,286,1,1040,1040
118400,6,1012,3,2,3,1,308,1,1012,1012
212900,7,1552,4,3,4,3,782,2,1552,1552
112000,4,960,3,2,3,1,288,1,672,960
118000,5,698,3,2,3,0,0,1,698,698
163900,7,1482,3,3,4,2,392,1,384,812
115000,4,1005,3,2,2,2,672,1,1005,1005
174000,7,1555,4,3,4,3,660,2,1373,1555
259000,7,1530,4,3,4,3,630,2,1530,1530
215000,7,1959,4,3,4,2,434,2,847,847
140000,5,936,3,2,3,2,672,1,936,936
135000,4,1981,3,2,4,2,576,1,1122,1328
93500,5,974,3,2,3,0,0,1,974,974
117500,6,2210,3,2,2,1,205,1,1008,1178
239500,8,2020,4,3,4,2,466,2,1128,1142
169000,6,1600,3,2,3,2,460,1,916,916
102000,6,986,3,2,3,1,180,1,960,986
119000,6,1252,3,2,3,1,288,1,1032,1032
94000,5,1020,3,2,3,0,0,1,780,780
196000,6,1567,3,2,4,2,714,1,1567,1567
144000,5,1167,3,2,3,2,495,1,915,1167
139000,5,952,3,2,3,2,840,1,952,952
197500,5,1868,3,2,4,2,484,1,780,1088
424870,8,2828,4,3,4,3,1052,2,1466,1466
80000,5,1006,3,2,3,0,0,1,1006,1006
80000,4,924,3,2,2,1,280,1,672,672
149000,5,1576,3,2,3,1,225,1,1042,1042
180000,6,1298,4,2,4,2,403,2,1298,1298
174500,7,1564,3,3,2,1,234,1,704,860
116900,7,1111,3,3,3,1,288,1,572,572
143000,7,1482,3,3,3,2,324,1,650,832
124000,6,932,3,2,4,1,306,1,932,932
149900,5,1466,3,2,2,2,528,1,1466,1466
230000,6,1811,3,2,5,2,470,1,1073,1811
120500,6,816,4,2,3,1,432,2,816,816
201800,7,1820,3,3,4,2,492,1,864,902
218000,5,1437,4,2,4,2,528,2,1437,1437
179900,5,1265,3,2,4,2,502,1,1219,1265
230000,7,1314,4,3,4,2,626,2,1314,1314
235128,8,1580,4,3,4,3,830,2,1580,1580
185000,6,1876,4,2,4,2,540,2,901,943
146000,6,1456,3,2,3,2,440,1,855,855
224000,6,1640,4,2,4,2,924,2,1296,1640
129000,5,894,3,2,3,2,450,1,894,894
108959,4,1258,3,2,3,2,400,1,1198,1258
194000,5,1432,3,2,4,2,588,1,1360,1432
233170,7,1502,4,3,4,2,644,2,1502,1502
245350,8,1694,4,3,4,3,776,2,1694,1694
173000,6,1671,3,2,3,2,472,1,959,959
235000,6,2108,3,2,4,2,540,1,1127,1236
625000,10,3627,4,3,4,3,807,2,1930,1831
171000,6,1118,3,2,3,1,358,1,1096,1118
163000,6,1261,3,2,3,2,433,1,1261,1261
171900,7,1250,4,3,4,2,625,2,625,625
200500,5,3086,3,2,5,0,0,1,1598,1636
239000,6,2345,3,2,3,2,360,1,952,1170
285000,8,2872,4,3,4,2,541,2,1683,2129
119500,5,923,3,2,3,1,264,1,876,923
115000,6,1224,3,2,3,1,210,1,818,818
154900,5,1343,3,2,3,1,186,1,731,820
93000,5,1124,3,2,3,0,0,1,0,1124
250000,7,2514,3,3,3,2,693,1,1216,1298
392500,8,1652,5,3,4,2,482,2,1600,1652
745000,10,4476,4,3,5,3,813,2,2396,2411
120000,5,1130,3,2,3,2,720,1,1120,1130
186700,5,1572,3,2,3,3,995,1,1572,1572
104900,5,1221,3,2,3,1,392,1,784,949
95000,3,1699,3,1,3,2,420,1,978,1014
262000,8,1624,4,3,4,3,757,2,1624,1624
195000,7,1660,4,3,4,2,493,2,831,831
189000,7,1804,3,3,4,2,442,1,994,1028
168000,4,1622,3,2,3,4,1356,1,1249,1622
174000,8,1441,4,3,4,2,492,2,776,764
125000,5,1472,3,2,4,1,250,1,702,842
165000,6,1224,3,2,3,2,402,1,1224,1224
158000,6,1352,3,2,3,1,299,1,663,663
176000,6,1456,3,2,4,2,400,1,728,728
219210,7,1863,4,3,4,3,660,2,879,879
144000,7,1690,3,3,3,1,225,1,815,815
178000,7,1212,4,3,4,2,573,2,1212,1212
148000,4,1382,3,2,3,2,459,1,1051,1382
116050,4,864,3,2,3,1,280,1,864,864
197900,7,1779,3,3,4,2,546,1,866,866
117000,5,1348,3,2,3,1,216,1,884,884
213000,7,1630,4,3,4,2,451,2,1630,1630
153500,5,1074,3,2,3,2,495,1,1056,1074
271900,7,2196,4,3,4,3,701,2,2158,2196
107000,4,1056,3,2,3,1,384,1,1056,1056
200000,6,1700,4,2,4,2,544,2,1682,1700
140000,5,1283,3,2,3,2,506,1,931,1283
290000,8,1660,4,3,4,2,500,2,1660,1660
189000,6,1845,4,2,4,2,462,2,1055,1055
164000,8,1752,4,3,3,2,492,2,559,1080
113000,4,672,3,2,3,1,234,1,672,672
145000,4,960,3,2,3,1,364,1,648,960
134500,5,999,3,2,3,1,300,1,925,999
125000,5,894,3,2,3,1,384,1,894,894
112000,6,1902,3,2,3,2,539,1,0,1318
229456,8,1314,4,3,4,2,552,2,1300,1314
80500,4,912,3,2,3,0,0,1,0,672
91500,6,1218,3,2,3,0,0,1,672,672
115000,5,912,3,2,3,1,288,1,912,912
134000,5,1211,3,2,3,1,322,1,952,1211
143000,6,1846,3,2,3,1,315,1,1040,1168
137900,5,2136,3,2,3,2,528,1,2136,2136
184000,7,1490,4,3,4,2,388,2,788,788
145000,6,1138,3,2,3,1,264,1,588,1138
214000,6,1933,4,2,4,3,668,2,894,894
147000,5,912,3,2,4,2,576,1,912,912
367294,9,1702,5,3,5,3,1052,2,1702,1702
127000,5,1507,3,2,3,1,404,1,1075,1507
190000,5,2620,3,2,3,2,600,1,1361,1361
132500,5,1190,3,2,3,2,540,1,1106,1190
101800,4,1224,3,2,3,2,462,1,0,1224
142000,5,1188,3,2,3,2,531,1,1188,1188
130000,5,1964,3,2,3,0,0,1,940,1024
138887,5,1784,3,2,3,1,180,1,747,892
175500,7,1626,4,3,4,2,474,2,764,764
195000,7,1948,4,3,4,2,434,2,847,847
142500,6,1141,4,2,3,2,484,2,1141,1141
265900,8,1484,4,3,5,2,472,2,1476,1484
224900,7,1768,4,3,4,2,543,2,884,884
248328,7,1689,4,3,4,3,954,2,1689,1689
170000,7,1173,3,3,4,2,528,1,1053,1173
465000,10,2076,5,3,5,3,850,2,2076,2076
230000,8,1517,3,3,4,2,400,1,792,792
178000,6,1868,3,2,3,2,477,1,585,1140
186500,7,1553,4,3,4,2,615,2,756,756
169900,6,1034,3,2,3,3,888,1,1012,1034
129500,6,2058,3,2,3,2,396,1,735,1134
119000,5,988,3,2,3,1,276,1,876,988
244000,7,2110,4,3,5,2,522,2,2110,2110
171750,7,1405,4,3,4,2,478,2,1405,1405
130000,5,874,3,2,3,1,288,1,864,874
294000,7,2167,4,3,4,2,518,2,1192,1516
165400,7,1656,4,3,4,2,397,2,746,760
127500,6,1367,3,2,3,1,560,1,884,959
301500,8,1987,4,3,4,2,691,2,1986,1987
99900,5,864,3,2,3,0,0,1,864,864
190000,7,1166,4,3,4,2,400,2,856,1166
151000,6,1054,3,2,3,2,460,1,1054,1054
181000,6,1675,3,2,3,2,502,1,841,892
128900,5,1050,3,2,3,1,338,1,1050,1050
161500,4,1788,3,2,3,1,304,1,1104,1104
180500,6,1824,3,2,3,2,520,1,764,1060
181000,6,1337,4,2,4,2,511,2,1405,1337
183900,7,1452,4,3,4,2,506,2,691,713
122000,7,1889,2,3,3,1,308,1,925,964
378500,9,2018,5,3,5,3,746,2,2002,2018
381000,8,3447,3,3,4,3,1014,1,728,1968
144000,5,1524,3,2,3,1,315,1,874,874
260000,7,1524,4,3,4,2,586,2,1332,1332
185750,6,1489,3,2,4,2,462,1,1489,1489
137000,5,935,3,2,3,1,288,1,935,935
177000,6,1357,3,2,5,1,312,1,1019,1357
139000,5,1250,3,2,3,2,552,1,661,661
137000,5,1920,3,2,3,2,400,1,928,928
162000,6,1395,3,2,3,2,497,1,723,735
197900,6,1724,3,2,3,2,480,1,1680,1724
237000,8,2031,4,3,4,2,577,2,1128,1128
68400,4,1128,3,2,3,2,528,1,698,698
227000,7,1573,4,3,4,2,544,2,1573,1573
180000,7,1339,3,3,3,2,484,1,1309,1339
150500,5,1040,3,2,4,2,484,1,1040,1040
139000,6,1824,3,2,3,0,0,1,912,912
169000,6,2447,3,2,4,1,336,1,804,1699
132500,6,1412,3,2,3,1,280,1,780,825
143000,6,1328,3,2,3,2,528,1,1328,1328
190000,5,1582,3,2,3,2,390,1,1624,1582
278000,8,1659,4,3,5,2,499,2,1501,1659
281000,8,1970,4,3,5,3,753,2,1085,1120
180500,5,1152,3,2,3,2,484,1,1152,1152
119500,5,1302,3,2,3,1,264,1,630,630
107500,5,2372,3,2,3,1,432,1,994,1378
162900,7,1664,3,3,3,2,528,1,832,832
115000,5,864,3,2,3,2,572,1,864,864
138500,5,1052,3,2,3,1,288,1,1052,1052
155000,5,1128,3,2,3,2,525,1,1120,1128
140000,6,1072,3,2,3,2,525,1,547,1072
160000,10,5642,5,3,5,2,1418,2,6110,4692
154000,5,1246,3,2,4,1,305,1,1246,1246
225000,7,1983,4,3,4,2,490,2,978,1005
177500,6,1494,3,2,4,1,213,1,771,753
290000,8,2526,4,3,4,3,844,2,1165,1203
232000,7,1616,4,3,4,3,834,2,1616,1616
130000,7,1708,4,3,4,2,380,2,976,976
325000,9,1652,4,3,5,2,840,2,1652,1652
202500,7,1368,4,3,4,2,474,2,1368,1368
138000,5,990,3,2,3,2,480,1,990,990
147000,5,1122,3,2,4,2,528,1,924,1122
179200,6,1294,3,2,4,2,496,1,1278,1294
335000,7,1902,4,3,5,2,567,2,1902,1902
203000,7,1274,4,3,4,2,508,2,1274,1274
302000,8,2810,4,3,4,2,750,2,1453,1453
333168,9,2599,4,3,4,3,779,2,1393,1422
119000,4,948,3,2,3,1,280,1,948,948
206900,6,2112,3,2,3,2,576,1,952,1092
295493,8,1630,4,3,5,3,860,2,1622,1630
208900,7,1352,4,3,4,2,466,2,1352,1352
275000,8,1787,4,3,4,3,748,2,1753,1787
111000,4,948,3,2,3,1,248,1,864,948
156500,6,1478,3,2,3,2,442,1,1478,1478
72500,3,720,3,1,3,1,287,1,0,720
190000,7,1923,4,3,4,2,564,2,750,1061
82500,4,708,2,2,2,0,0,1,420,708
147000,8,1795,4,3,4,3,895,2,1795,1795
55000,4,796,3,2,3,0,0,1,796,796
79000,3,774,3,1,4,0,0,1,544,774
130500,5,816,4,2,4,1,264,2,816,816
256000,6,2792,4,2,3,2,520,2,1510,1584
176500,7,1632,3,3,3,2,462,1,935,955
227000,8,1588,4,3,4,3,825,2,1588,1588
132500,5,954,3,2,3,2,576,1,911,954
100000,4,816,3,2,3,1,288,1,816,816
125500,5,1360,3,2,4,1,297,1,803,803
125000,5,1365,3,2,3,2,440,1,765,765
167900,6,1334,3,2,3,2,630,1,1350,1334
135000,5,1656,3,2,3,2,506,1,1656,1656
52500,4,693,3,2,2,0,0,1,693,693
200000,7,1861,4,3,4,2,492,2,916,920
128500,5,864,3,2,3,1,288,1,864,864
123000,4,872,3,2,3,4,480,1,858,872
155000,6,1114,3,2,4,2,576,1,1114,1114
228500,8,2169,4,3,4,2,647,2,1284,1284
177000,6,1913,3,2,3,2,342,1,896,1172
155835,7,1456,4,3,4,2,440,2,728,728
108500,4,960,3,2,2,1,308,1,960,960
262500,7,2156,3,3,3,2,508,1,1568,2156
283463,8,1776,4,3,4,3,712,2,1732,1776
215000,7,1494,4,3,4,2,514,2,1482,1494
122000,8,2358,3,3,3,0,0,1,684,938
200000,5,2634,3,2,3,4,968,1,1248,1338
171000,6,1716,3,2,3,2,490,1,858,858
134900,6,1176,4,2,3,2,624,2,698,786
410000,8,3238,4,3,4,3,666,2,2033,2053
235000,7,1865,4,3,4,3,839,2,992,992
170000,7,1920,3,3,4,2,487,1,570,1222
110000,5,892,3,2,3,1,264,1,864,892
149900,5,1078,3,2,3,2,500,1,1078,1078
177500,6,1573,4,2,4,2,440,2,756,769
315000,9,1980,4,3,5,3,770,2,1980,1980
189000,5,2601,3,2,3,2,621,1,612,990
260000,7,1530,4,3,4,2,430,2,1530,1530
104900,4,1738,3,2,3,1,368,1,715,1281
156932,6,1412,3,2,4,2,432,1,616,616
144152,7,1200,4,3,4,2,480,2,600,520
216000,7,1674,4,3,4,2,663,2,814,814
193000,7,1790,4,3,4,2,588,2,873,882
127000,5,1475,3,2,3,1,336,1,757,925
144000,6,848,4,2,4,2,420,2,848,848
232000,8,1668,4,3,4,2,502,2,1657,1668
105000,4,1374,2,2,3,1,338,1,840,840
165500,6,1661,3,2,4,1,377,1,992,1661
274300,7,2097,3,3,4,2,583,1,1108,1108
466500,10,2633,5,3,5,3,804,2,2633,2633
250000,7,1958,4,3,4,3,936,2,1026,1026
239000,8,1571,4,3,4,3,722,2,1571,1571
91000,6,790,3,2,3,1,160,1,768,790
117000,5,1604,3,2,3,2,660,1,984,984
83000,6,987,3,2,3,1,264,1,483,483
167500,5,1394,3,2,4,2,400,1,384,754
58500,3,864,3,1,3,1,200,1,864,864
237500,6,2117,3,2,3,2,550,1,1205,2117
157000,7,1762,3,3,4,2,576,1,596,998
112000,5,1416,3,2,4,2,576,1,816,1416
105000,6,1258,3,2,3,1,280,1,560,698
125500,4,1154,3,2,4,1,240,1,796,796
250000,7,2784,3,3,4,2,564,1,1392,1392
136000,6,2526,3,2,4,1,216,1,714,1664
377500,9,1746,5,3,5,3,758,2,1746,1746
131000,6,1218,3,2,3,2,440,1,735,869
235000,7,1525,4,3,4,2,541,2,1525,1525
124000,5,1584,3,2,3,3,792,1,1584,1584
123000,5,900,3,2,3,1,288,1,864,900
163000,6,1912,3,2,3,2,672,1,482,1221
246578,7,1500,4,3,4,3,648,2,1356,1500
281213,8,2482,4,3,4,3,642,2,1094,1133
160000,5,1687,3,2,3,2,572,1,747,1687
137500,5,1513,3,2,3,1,180,1,939,939
138000,5,1904,3,2,3,1,240,1,1208,1136
137450,6,1608,3,2,4,1,216,1,976,1160
120000,6,1158,3,2,3,1,208,1,862,950
193000,6,1593,3,2,3,2,398,1,839,864
193879,7,1294,4,3,4,2,662,2,1286,1294
282922,8,1464,4,3,4,3,754,2,1485,1464
105000,3,1214,3,1,3,3,936,1,672,694
275000,8,1646,4,3,4,2,482,2,1594,1646
133000,5,768,3,2,3,2,396,1,768,768
112000,5,833,3,2,3,0,0,1,833,833
125500,4,1363,3,2,3,2,528,1,622,741
215000,7,2093,3,3,3,2,542,1,791,1236
230000,7,1840,4,3,4,2,622,2,944,944
140000,6,1668,3,2,3,1,271,1,856,1112
90000,4,1040,3,2,3,2,420,1,0,1040
257000,8,1844,4,3,4,2,620,2,1844,1844
207000,6,1848,3,2,4,2,370,1,833,1053
175900,7,1569,4,3,4,3,660,2,1386,1569
122500,4,2290,3,2,3,2,560,1,777,1246
340000,8,2450,4,3,4,3,1069,2,1284,1310
124000,5,1144,3,2,3,1,336,1,1144,1144
223000,6,1844,4,2,4,2,540,2,1844,1844
179900,6,1416,3,2,3,2,776,1,708,708
127500,6,1069,3,2,3,2,440,1,1069,1069
136500,6,848,4,2,4,2,420,2,848,848
274970,6,2201,4,2,4,2,432,2,697,1575
144000,5,1344,3,2,3,1,484,1,1024,1344
142000,6,1252,4,2,4,2,528,2,1252,1252
271000,7,2127,4,3,4,2,525,2,1223,1223
140000,5,1558,3,2,3,1,288,1,913,1048
119000,5,804,3,2,4,1,240,1,788,804
182900,6,1440,4,2,4,2,467,2,1440,1440
192140,5,1838,4,2,3,2,372,2,732,734
143750,6,958,3,2,3,2,440,1,958,958
64500,4,968,3,2,3,1,216,1,656,968
186500,6,1792,3,2,3,2,451,1,936,962
160000,5,1126,3,2,3,2,484,1,1126,1126
174000,6,1537,4,2,4,2,462,2,1319,1537
120500,4,864,3,2,3,2,528,1,864,864
394617,8,1932,5,3,5,3,774,2,1932,1932
149700,6,1236,3,2,3,2,923,1,912,1236
197000,7,1725,3,3,3,2,550,1,539,1040
191000,6,2555,3,2,3,2,672,1,588,1423
149300,6,848,4,2,4,2,420,2,848,848
310000,10,2007,5,3,5,3,812,2,1017,1026
121000,6,952,3,2,2,1,192,1,952,952
179600,7,1422,4,3,4,2,626,2,1422,1422
129000,6,913,3,2,3,1,240,1,814,913
157900,5,1188,3,2,3,1,312,1,1188,1188
240000,8,2090,4,3,4,2,556,2,1220,1220
112000,4,1346,3,2,3,1,384,1,560,796
92000,5,630,3,2,5,0,0,1,630,630
136000,5,1792,3,2,3,0,0,1,896,896
287090,8,1578,4,3,5,3,840,2,1573,1578
145000,5,1072,3,2,3,2,525,1,547,1072
84500,5,1140,3,2,3,0,0,1,1140,1140
185000,7,1221,4,3,4,2,400,2,1221,1221
175000,6,1647,3,2,3,2,460,1,953,953
210000,6,2073,3,2,3,2,500,1,1542,2073
266500,7,2340,5,3,4,1,252,2,1152,1188
142125,5,1078,3,2,4,1,240,1,1078,1078
147500,5,1256,4,2,3,1,276,2,1256,1256
